[
  {
    "latitude": "35.293000",
    "longitude": "129.775000",
    "test": "1",
    "operation": "매뉴얼"
  },
  {
    "latitude": "35.294000",
    "longitude": "129.777000",
    "test": "1",
    "operation": "매뉴얼"
  },
  {
    "latitude": "35.295000",
    "longitude": "129.779000",
    "test": "1",
    "operation": "매뉴얼"
  },
  {
    "latitude": "35.296000",
    "longitude": "129.770000",
    "test": "1",
    "operation": "매뉴얼"
  },
  {
    "latitude": "35.291000",
    "longitude": "129.771000",
    "test": "2",
    "operation": "자율"
  },
  {
    "latitude": "35.292000",
    "longitude": "129.773000",
    "test": "2",
    "operation": "자율"
  },
  {
    "latitude": "35.293000",
    "longitude": "129.775000",
    "test": "2",
    "operation": "자율"
  },
  {
    "latitude": "35.296000",
    "longitude": "129.770000",
    "test": "3",
    "operation": "원격"
  }
]